symbol,interval,entry_time,exit_time,entry_price,exit_price,direction,profit_loss,profit_pct,hold_duration,exit_reason
BTCUSDT,1d,2025-05-23 19:03:32,2025-05-24 01:22:56,110929.07,109674.80,Short,"+2,034.42",1.13%,6h 19m,Manual
1000PEPEUSDT,1d,2025-05-23 07:56:08,2025-05-23 12:15:52,0.0152731,0.0158918,Long,"+4,453.66",4.05%,4h 19m,Manual
MOODENGUSDT,1d,2025-05-23 04:18:11,2025-05-23 04:22:36,0.2670593,0.2738727,Short,-637.96,-2.55%,4m,Manual
ETHUSDT,1d,2025-05-22 17:11:03,2025-05-23 06:34:09,2672.87,2648.29,Short,"+1,657.35",0.92%,13h 23m,Manual
ETHUSDT,1d,2025-05-22 11:53:26,2025-05-22 13:04:35,2632.06,2628.34,Short,+254.52,0.14%,1h 11m,Manual
DOGEUSDT,1d,2025-05-22 06:56:53,2025-05-22 09:38:07,0.232986,0.241178,Long,"+5,682.84",3.52%,2h 41m,Manual
BTCUSDT,1d,2025-05-21 22:48:16,2025-05-22 00:56:54,107830.44,109308.30,Long,"+3,475.93",1.37%,2h 8m,Manual
TRUMPUSDT,1d,2025-05-21 07:17:17,2025-05-21 15:30:37,14.358679,14.333211,Long,-132.95,-0.18%,8h 13m,Manual
BTCUSDT,1d,2025-05-21 04:34:30,2025-05-21 04:47:58,106527.50,107098.11,Short,-535.23,-0.54%,13m,Manual
ETHUSDT,1d,2025-05-20 16:23:49,2025-05-21 04:47:56,2527.86,2513.13,Short,+873.77,0.58%,12h 24m,Manual
MOODENGUSDT,1d,2025-05-20 06:36:37,2025-05-20 08:48:22,0.2520644,0.2449454,Long,-846.69,-2.82%,2h 11m,Manual
ETHUSDT,1d,2025-05-19 21:40:10,2025-05-20 01:08:26,2432.77,2535.33,Short,"-6,326.87",-4.22%,3h 28m,Manual
MOODENGUSDT,1d,2025-05-19 08:23:23,2025-05-19 08:32:30,0.2664878,0.2549967,Long,-507.81,-4.31%,9m,Manual
DOGEUSDT,1d,2025-05-19 00:34:02,2025-05-19 07:56:40,0.233869,0.233691,Short,+44.19,0.08%,7h 22m,Manual
SOLUSDT,1d,2025-05-19 00:33:48,2025-05-19 07:56:41,175.3444,173.9100,Short,+474.73,0.82%,7h 22m,Manual
ETHUSDT,1d,2025-05-19 00:33:40,2025-05-19 07:56:38,2560.20,2498.77,Short,"+1,391.64",2.40%,7h 22m,Manual
MOODENGUSDT,1d,2025-05-18 12:48:07,2025-05-19 00:32:27,0.2138178,0.2608385,Long,"+2,412.87",21.99%,11h 44m,Manual
WIFUSDT,1d,2025-05-16 21:09:56,2025-05-17 19:51:37,1.0873000,0.9807265,Short,"+2,450.41",9.80%,22h 41m,Manual
SOLUSDT,1d,2025-05-16 20:16:02,2025-05-17 19:51:37,172.6700,167.8739,Short,"+2,777.65",2.78%,23h 35m,Manual
NXPCUSDT,1d,2025-05-16 10:31:19,2025-05-16 12:39:18,2.8291737,2.7466144,Long,"-2,681.53",-2.92%,2h 7m,Manual
NXPCUSDT,1d,2025-05-16 09:59:45,2025-05-16 10:30:42,2.6560846,2.8193184,Long,"+2,822.64",6.15%,30m,Manual
WIFUSDT,1d,2025-05-15 22:11:10,2025-05-16 01:25:00,0.9875479,1.0808955,Short,"-7,566.16",-9.45%,3h 13m,Manual
SOLUSDT,1d,2025-05-15 14:18:19,2025-05-15 16:32:58,173.6616,172.5043,Short,"+2,998.91",0.67%,2h 14m,Manual
PEOPLEUSDT,1d,2025-05-14 00:03:28,2025-05-15 13:33:51,0.02950,0.03393,Long,"+10,832.87",15.03%,1d 13h 30m,Manual
WLDUSDT,1d,2025-05-13 16:55:21,2025-05-13 20:12:13,1.2676878,1.2476105,Long,-474.03,-1.58%,3h 16m,Manual
BTCUSDT,1d,2025-05-13 02:51:27,2025-05-13 09:37:21,101025.75,102342.20,Long,"+4,948.53",1.30%,6h 45m,Manual
TSTUSDT,1d,2025-05-12 17:51:28,2025-05-13 09:37:37,0.0684114,0.0627537,Long,"-5,788.48",-8.27%,15h 46m,Manual
MOODENGUSDT,1d,2025-05-11 17:09:11,2025-05-13 22:03:07,0.1530366,0.2634516,Long,"+79,304.66",86.26%,2d 4h 53m,Manual
SOLUSDT,1d,2025-05-11 09:55:44,2025-05-11 16:43:31,176.5855,173.7183,Short,"+3,248.02",1.62%,6h 47m,Manual
SOLUSDT,1d,2025-05-11 09:50:09,2025-05-11 09:53:00,177.6560,176.4617,Short,"+2,333.98",0.67%,2m,Manual
INITUSDT,1d,2025-05-11 04:43:41,2025-05-11 13:09:40,0.9190464,1.1435844,Long,"+14,656.94",24.43%,8h 25m,Manual
ETHUSDT,1d,2025-05-11 02:54:49,2025-05-11 03:12:30,2499.94,2482.72,Long,"-4,863.89",-0.69%,17m,Manual
BTCUSDT,1d,2025-05-11 01:13:34,2025-05-11 02:54:29,103346.52,103228.76,Short,"+1,563.40",0.11%,1h 40m,Manual
ETHUSDT,1d,2025-05-10 16:59:12,2025-05-11 01:10:59,2391.32,2478.65,Short,"-31,050.51",-3.65%,8h 11m,Manual
ORDIUSDT,1d,2025-05-10 15:39:46,2025-05-10 19:51:11,9.838706,9.409617,Long,"-5,235.49",-4.36%,4h 11m,Manual
BTCUSDT,1d,2025-05-10 14:29:16,2025-05-10 15:16:31,103654.43,103720.10,Long,+348.38,0.06%,47m,Manual
TRUMPUSDT,1d,2025-05-10 09:43:16,2025-05-11 01:11:01,14.507295,14.381868,Short,"+1,295.96",0.86%,15h 27m,Manual
MUBARAKUSDT,1d,2025-05-10 02:08:26,2025-05-10 08:22:21,0.0411511,0.0652868,Long,"+64,644.49",58.65%,6h 13m,Manual
MOODENGUSDT,1d,2025-05-10 00:14:40,2025-05-10 02:03:26,0.1400920,0.1447083,Long,"+1,318.42",3.30%,1h 48m,Manual
ETHUSDT,1d,2025-05-09 21:53:11,2025-05-09 23:54:18,2374.31,2307.67,Short,"+14,794.94",2.81%,2h 1m,Manual
MOODENGUSDT,1d,2025-05-09 19:06:59,2025-05-09 20:24:08,0.1338298,0.1248169,Short,"+1,210.74",6.73%,1h 17m,Manual
MOODENGUSDT,1d,2025-05-09 16:16:00,2025-05-09 16:37:04,0.1170935,0.1362637,Long,"+13,086.61",16.37%,21m,Manual
ETHUSDT,1d,2025-05-09 05:29:26,2025-05-09 08:20:11,2195.46,2193.49,Short,+740.76,0.09%,2h 50m,Manual
DOGEUSDT,1d,2025-05-09 00:16:35,2025-05-09 05:06:38,0.191789,0.193098,Long,"+2,740.34",0.68%,4h 50m,Manual
ETHUSDT,1d,2025-05-08 22:34:37,2025-05-08 23:21:03,1990.80,2014.60,Short,"-4,975.89",-1.20%,46m,Manual
SOLUSDT,1d,2025-05-08 21:32:25,2025-05-08 23:24:47,154.8644,159.1379,Short,"-13,795.33",-2.76%,1h 52m,Manual
ETHUSDT,1d,2025-05-08 15:20:44,2025-05-08 17:03:12,1910.48,1930.40,Long,"+3,130.89",1.04%,1h 42m,Manual
ETHUSDT,1d,2025-05-08 06:01:54,2025-05-08 12:02:29,1803.12,1907.19,Long,"+36,040.71",5.77%,6h 0m,Manual
SOLUSDT,1d,2025-05-08 02:44:05,2025-05-08 05:30:05,146.4320,147.3966,Short,"-2,173.09",-0.66%,2h 46m,Manual
ETHUSDT,1d,2025-05-07 18:32:05,2025-05-08 02:34:21,1830.90,1814.70,Short,"+5,322.02",0.88%,8h 2m,Manual
OPUSDT,1d,2025-05-07 09:25:33,2025-05-07 16:08:34,0.6198807,0.6025235,Long,"-3,359.46",-2.80%,6h 43m,Manual
OPUSDT,1d,2025-05-07 09:22:10,2025-05-07 09:25:20,0.6159195,0.6194246,Long,+470.74,0.57%,3m,Manual
ETHUSDT,1d,2025-05-07 06:28:24,2025-05-07 08:32:55,1797.90,1832.09,Long,"+10,212.53",1.90%,2h 4m,Manual
LAYERUSDT,1d,2025-05-06 16:11:14,2025-05-07 00:01:38,1.938759,1.692190,Long,"-4,575.59",-12.72%,7h 50m,Manual
BTCUSDT,1d,2025-05-06 03:52:22,2025-05-07 06:05:39,94360.09,95422.32,Short,"-7,167.95",-1.13%,1d 2h 13m,Manual
LTCUSDT,1d,2025-05-06 03:35:34,2025-05-06 03:37:55,85.64,85.26,Short,+151.05,0.44%,2m,Manual
LTCUSDT,1d,2025-05-06 02:49:32,2025-05-06 03:37:57,87.11,85.45,Long,"-2,530.68",-1.91%,48m,Manual
BTCUSDT,1d,2025-05-05 06:06:34,2025-05-06 02:47:37,95072.23,94815.50,Short,"+1,778.33",0.27%,20h 41m,Manual
TRUMPUSDT,1d,2025-05-04 03:11:44,2025-05-05 06:06:22,11.484458,10.999876,Long,"-9,690.08",-4.22%,1d 2h 54m,Manual
SOLUSDT,1d,2025-05-02 21:10:07,2025-05-03 23:07:12,150.4804,148.6164,Short,"+8,352.34",1.24%,1d 1h 57m,Manual
ETHUSDT,1d,2025-05-01 17:33:43,2025-05-01 21:35:48,1819.06,1831.50,Long,"+4,320.24",0.68%,4h 2m,Manual
BTCUSDT,1d,2025-04-30 22:46:19,2025-05-01 13:36:22,93978.93,95000.00,Short,"-7,871.44",-1.09%,14h 50m,Manual
ALPACAUSDT,1d,2025-04-30 16:29:16,2025-04-30 17:01:05,1.1346322,1.0855334,Short,+958.11,4.33%,31m,Manual
ETHUSDT,1d,2025-04-30 04:31:15,2025-04-30 22:33:26,1809.69,1769.49,Short,"+13,105.68",2.22%,18h 2m,Manual
ETHUSDT,1d,2025-04-30 01:52:46,2025-04-30 04:31:09,1828.11,1810.30,Long,"-6,373.43",-0.97%,2h 38m,Manual
ETHUSDT,1d,2025-04-30 00:44:51,2025-04-30 01:01:51,1829.59,1811.52,Long,"-7,222.06",-0.99%,17m,Manual
TRUMPUSDT,1d,2025-04-28 18:15:52,2025-04-30 00:44:28,15.221897,13.837492,Short,"+23,499.09",9.09%,1d 6h 28m,Manual
ALPACAUSDT,1d,2025-04-27 22:03:29,2025-04-28 01:01:41,0.2000788,0.2821745,Short,"-37,960.74",-41.03%,2h 58m,Manual
ALPACAUSDT,1d,2025-04-27 00:18:20,2025-04-27 02:03:38,0.2575490,0.3146192,Short,"-1,772.43",-22.16%,1h 45m,Manual
TRUMPUSDT,1d,2025-04-26 17:00:59,2025-04-27 22:11:22,15.695246,14.920199,Short,"+19,301.99",4.94%,1d 5h 10m,Manual
LAYERUSDT,1d,2025-04-26 15:51:25,2025-04-26 19:18:49,2.722542,2.408677,Long,"-9,772.34",-11.53%,3h 27m,Manual
ETHUSDT,1d,2025-04-26 00:18:35,2025-04-26 05:10:50,1789.29,1804.10,Short,"-7,801.58",-0.83%,4h 52m,Manual
ETHUSDT,1d,2025-04-25 20:12:52,2025-04-25 22:22:35,1796.85,1773.68,Long,"-6,639.76",-1.29%,2h 9m,Manual
BTCUSDT,1d,2025-04-25 20:12:45,2025-04-25 22:46:10,94910.61,95373.08,Short,"-2,544.52",-0.49%,2h 33m,Manual
TRUMPUSDT,1d,2025-04-25 14:27:31,2025-04-25 17:05:48,12.394654,12.726413,Long,"+2,140.38",2.68%,2h 38m,Manual
ETHUSDT,1d,2025-04-25 00:17:48,2025-04-25 18:03:28,1771.53,1784.06,Long,"+5,242.28",0.71%,17h 45m,Manual
BTCUSDT,1d,2025-04-24 04:29:53,2025-04-24 23:13:43,93686.12,93376.48,Short,"+1,600.54",0.33%,18h 43m,Manual
BTCUSDT,1d,2025-04-23 16:24:01,2025-04-23 22:01:54,94149.88,93074.42,Short,"+4,879.34",1.14%,5h 37m,Manual
ETHUSDT,1d,2025-04-22 23:00:31,2025-04-24 03:26:13,1687.59,1776.68,Long,"+32,013.23",5.28%,1d 4h 25m,Manual
ETHUSDT,1d,2025-04-22 16:25:58,2025-04-22 19:42:43,1623.36,1629.23,Long,"+1,263.05",0.36%,3h 16m,Manual
BTCUSDT,1d,2025-04-22 16:25:40,2025-04-22 23:00:25,88372.40,90828.08,Short,"-9,690.10",-2.78%,6h 34m,Manual
BTCUSDT,1d,2025-04-21 10:09:14,2025-04-22 16:17:57,87212.51,88631.22,Short,"-5,097.42",-1.63%,1d 6h 8m,Manual
ETHUSDT,1d,2025-04-21 04:06:07,2025-04-21 10:02:46,1591.61,1627.33,Long,"+3,142.72",2.24%,5h 56m,Manual
BROCCOLIF3BUSDT,1d,2025-04-20 22:34:39,2025-04-21 03:32:42,0.0725016,0.0671710,Short,"+1,016.60",7.35%,4h 58m,Manual
VOXELUSDT,1d,2025-04-20 22:30:30,2025-04-21 03:27:10,0.0967067,0.0944674,Short,+316.83,2.32%,4h 56m,Manual
ETHUSDT,1d,2025-04-20 14:27:28,2025-04-20 22:30:01,1598.14,1577.92,Short,"+3,216.10",1.26%,8h 2m,Manual
BTCUSDT,1d,2025-04-18 17:13:28,2025-04-19 23:32:19,84798.65,85591.10,Short,"-2,435.98",-0.93%,1d 6h 18m,Manual
ETHUSDT,1d,2025-04-18 03:21:09,2025-04-18 13:40:26,1583.24,1577.32,Short,+251.97,0.37%,10h 19m,Manual
TRUMPUSDT,1d,2025-04-17 23:14:48,2025-04-18 02:59:52,7.559144,7.644553,Long,"+1,241.83",1.13%,3h 45m,Manual
ETHUSDT,1d,2025-04-17 14:27:53,2025-04-17 22:07:30,1606.52,1586.78,Long,-962.64,-1.23%,7h 39m,Manual
SOLUSDT,1d,2025-04-17 14:25:32,2025-04-17 22:07:35,133.6140,131.5204,Long,"-1,177.08",-1.57%,7h 42m,Manual
BTCUSDT,1d,2025-04-17 02:26:14,2025-04-17 11:20:25,84292.73,83927.50,Long,-624.18,-0.43%,8h 54m,Manual
BTCUSDT,1d,2025-04-16 21:50:54,2025-04-16 23:25:59,83835.90,85195.60,Short,"-2,281.58",-1.62%,1h 35m,Manual
LAYERUSDT,1d,2025-04-16 04:35:16,2025-04-16 23:26:00,1.854703,2.153863,Short,"-3,539.50",-16.13%,18h 50m,Manual
ETHUSDT,1d,2025-04-15 22:18:31,2025-04-16 09:47:04,1617.71,1596.73,Short,"+2,114.74",1.30%,11h 28m,Manual
ETHUSDT,1d,2025-04-15 02:00:12,2025-04-15 22:18:28,1646.00,1621.06,Long,"-2,656.87",-1.52%,20h 18m,Manual
ETHUSDT,1d,2025-04-14 23:07:46,2025-04-15 01:51:48,1658.83,1644.26,Short,"+1,516.92",0.88%,2h 44m,Manual
BTCUSDT,1d,2025-04-14 21:49:42,2025-04-14 23:02:32,84311.23,85022.43,Long,"+1,531.20",0.84%,1h 12m,Manual
LDOUSDT,1d,2025-04-14 18:58:44,2025-04-14 23:05:37,0.769141,0.747857,Long,-138.35,-2.77%,4h 6m,Manual
TRUMPUSDT,1d,2025-04-13 04:30:50,2025-04-14 23:02:52,8.520661,8.356028,Long,"-1,339.89",-1.93%,1d 18h 32m,Manual
DOGEUSDT,1d,2025-04-12 23:17:01,2025-04-13 00:11:30,0.166448,0.166963,Long,+213.08,0.31%,54m,Manual
ETHUSDT,1d,2025-04-12 04:22:04,2025-04-12 14:28:54,1568.35,1573.18,Long,+211.20,0.31%,10h 6m,Manual
BTCUSDT,1d,2025-04-11 18:18:18,2025-04-12 02:19:00,82534.88,83758.50,Long,"+4,431.97",1.48%,8h 0m,Manual
BTCUSDT,1d,2025-04-11 11:37:32,2025-04-11 18:18:14,80480.00,82498.90,Short,"-4,350.73",-2.51%,6h 40m,Manual
BTCUSDT,1d,2025-04-11 03:38:41,2025-04-11 10:33:36,79561.11,80565.88,Long,"+3,895.47",1.26%,6h 54m,Manual
BTCUSDT,1d,2025-04-10 22:54:50,2025-04-11 00:25:16,81386.39,78830.70,Short,"+7,511.18",3.14%,1h 30m,Manual
BTCUSDT,1d,2025-04-10 02:08:26,2025-04-10 21:50:44,81901.06,81216.22,Short,"+3,107.11",0.84%,19h 42m,Manual
BTCUSDT,1d,2025-04-09 12:46:31,2025-04-10 01:32:47,76528.06,81225.13,Long,"+11,291.78",6.14%,12h 46m,Manual
DOGEUSDT,1d,2025-01-17 16:36:24,2025-01-17 21:38:58,0.411952,0.404162,Long,"-1,693.48",-1.89%,5h 2m,Manual
LTCUSDT,1d,2025-01-17 14:08:43,2025-01-17 21:39:08,138.68,133.72,Long,"-1,484.90",-3.58%,7h 30m,Manual
AIXBTUSDT,1d,2025-01-17 01:56:17,2025-01-17 10:19:01,0.8080027,0.8384023,Short,"-1,126.45",-3.76%,8h 22m,Manual
LTCUSDT,1d,2025-01-16 23:27:09,2025-01-17 00:14:10,124.23,126.20,Long,+471.53,1.58%,47m,Manual
AIXBTUSDT,1d,2025-01-16 21:05:35,2025-01-17 00:07:29,0.7675523,0.8519973,Short,"-1,797.07",-11.00%,3h 1m,Manual
DOGEUSDT,1d,2025-01-16 20:54:23,2025-01-16 21:05:09,0.385920,0.381997,Long,-425.34,-1.02%,10m,Manual
ETHUSDT,1d,2025-01-16 03:43:38,2025-01-16 19:56:06,3407.42,3353.52,Short,"+1,237.20",1.58%,16h 12m,Manual
DOGEUSDT,1d,2025-01-15 21:35:55,2025-01-15 23:52:16,0.365861,0.371756,Long,"+1,173.93",1.61%,2h 16m,Manual
SOLUSDT,1d,2025-01-15 17:42:03,2025-01-15 21:02:40,187.6100,186.9237,Short,+262.17,0.37%,3h 20m,Manual
DOGEUSDT,1d,2025-01-15 12:00:18,2025-01-15 17:39:19,0.363876,0.355934,Long,"-1,770.77",-2.18%,5h 39m,Manual
ETHUSDT,1d,2025-01-14 22:47:14,2025-01-15 12:00:10,3199.66,3244.60,Short,"-1,227.25",-1.40%,13h 12m,Manual
ETHUSDT,1d,2025-01-13 23:33:01,2025-01-14 15:35:53,3057.89,3173.76,Long,"+1,342.19",3.79%,16h 2m,Manual
DOGEUSDT,1d,2025-01-13 23:19:38,2025-01-14 15:35:53,0.325625,0.342986,Long,"+1,903.74",5.33%,16h 16m,Manual
XRPUSDT,1d,2025-01-13 20:40:13,2025-01-13 23:17:48,2.3521,2.4770,Short,"-1,368.45",-5.31%,2h 37m,Manual
BTCUSDT,1d,2025-01-13 19:16:58,2025-01-13 19:26:43,91418.77,91535.10,Long,+32.69,0.13%,9m,Manual
SOLUSDT,1d,2025-01-12 01:02:50,2025-01-13 08:28:39,186.2338,190.9515,Short,-764.28,-2.53%,1d 7h 25m,Manual
XRPUSDT,1d,2025-01-11 18:47:19,2025-01-11 20:07:16,2.3788,2.4101,Long,+363.55,1.31%,1h 19m,Manual
BTCUSDT,1d,2025-01-11 02:24:58,2025-01-11 03:31:24,95041.72,94950.10,Short,+27.12,0.10%,1h 6m,Manual
XRPUSDT,1d,2025-01-11 01:59:00,2025-01-11 02:25:41,2.3474,2.3392,Long,-59.85,-0.35%,26m,Manual
ETHUSDT,1d,2025-01-11 00:02:08,2025-01-11 01:51:17,3233.66,3299.17,Short,-645.51,-2.03%,1h 49m,Manual
BTCUSDT,1d,2025-01-10 23:41:20,2025-01-11 00:01:37,94258.05,93494.00,Long,-268.95,-0.81%,20m,Manual
WIFUSDT,1d,2025-01-10 23:27:08,2025-01-10 23:40:01,1.5284179,1.5511370,Short,-205.90,-1.49%,12m,Manual
DOGEUSDT,1d,2025-01-10 11:51:58,2025-01-10 23:02:13,0.327541,0.325548,Long,-90.24,-0.61%,11h 10m,Manual
ETHUSDT,1d,2025-01-09 12:40:16,2025-01-10 01:35:15,3329.89,3272.55,Long,-280.85,-1.72%,12h 54m,Manual
ETHUSDT,1d,2025-01-09 10:17:45,2025-01-09 12:30:33,3333.40,3324.41,Short,+41.94,0.27%,2h 12m,Manual
BTCUSDT,1d,2025-01-08 21:05:10,2025-01-08 23:12:07,95357.52,95412.70,Long,+9.33,0.06%,2h 6m,Manual
XRPUSDT,1d,2025-01-08 16:25:35,2025-01-08 20:31:59,2.3165,2.3402,Long,+112.16,1.02%,4h 6m,Manual
BTCUSDT,1d,2025-01-08 01:48:46,2025-01-08 14:29:30,96915.93,96200.90,Long,-120.84,-0.74%,12h 40m,Manual
BTCUSDT,1d,2025-01-07 21:25:06,2025-01-07 23:07:28,100727.81,99000.00,Long,-307.55,-1.72%,1h 42m,Manual
DOGEUSDT,1d,2025-01-06 22:54:35,2025-01-07 17:23:49,0.392326,0.393922,Long,+72.30,0.41%,18h 29m,Manual
ETHUSDT,1d,2025-01-06 16:47:50,2025-01-06 22:53:28,3636.56,3676.18,Short,-206.42,-1.09%,6h 5m,Manual
ETHUSDT,1d,2025-01-05 22:52:03,2025-01-06 14:12:54,3628.17,3671.81,Long,+216.74,1.20%,15h 20m,Manual
DOGEUSDT,1d,2025-01-04 18:38:12,2025-01-05 18:02:33,0.388527,0.381802,Long,-343.96,-1.73%,23h 24m,Manual
1000RATSUSDT,1d,2025-01-04 15:34:02,2025-01-04 16:26:03,0.0778866,0.0760000,Long,-98.45,-2.42%,52m,Manual
DOGEUSDT,1d,2025-01-04 13:05:51,2025-01-04 13:51:38,0.390363,0.392580,Long,+51.74,0.57%,45m,Manual
ETHUSDT,1d,2025-01-03 21:10:27,2025-01-04 07:30:19,3483.66,3605.44,Long,+598.81,3.50%,10h 19m,Manual
DOGEUSDT,1d,2025-01-03 19:25:24,2025-01-03 20:42:52,0.344672,0.349150,Long,+129.68,1.30%,1h 17m,Manual
ETHUSDT,1d,2025-01-02 18:50:21,2025-01-03 17:15:28,3467.72,3439.02,Short,+132.29,0.83%,22h 25m,Manual
ENAUSDT,1d,2025-01-02 16:35:58,2025-01-02 18:45:35,1.0183504,1.0337129,Long,+70.67,1.51%,2h 9m,Manual
BTCUSDT,1d,2025-01-01 22:01:39,2025-01-02 00:51:43,94092.31,93933.10,Long,-26.59,-0.17%,2h 50m,Manual
ETHUSDT,1d,2025-01-01 01:37:38,2025-01-01 21:58:06,3348.60,3341.16,Short,+26.33,0.22%,20h 20m,Manual
ETHUSDT,1d,2024-12-31 15:02:31,2025-01-01 00:32:42,3355.66,3395.39,Long,+177.03,1.18%,9h 30m,Manual
ETHUSDT,1d,2024-12-31 01:37:55,2024-12-31 01:54:22,3381.99,3388.83,Long,+10.06,0.20%,16m,Manual
CHILLGUYUSDT,1d,2024-12-27 18:00:09,2024-12-28 20:50:49,0.1830427,0.1613960,Long,"-16,963.18",-11.83%,1d 2h 50m,Manual
BTCUSDT,1d,2024-12-27 16:13:14,2024-12-27 17:59:34,95863.35,96762.40,Long,"+3,161.08",0.94%,1h 46m,Manual
BTCUSDT,1d,2024-12-27 04:40:42,2024-12-27 12:58:16,95613.05,96238.19,Long,"+2,216.13",0.65%,8h 17m,Manual
ENAUSDT,1d,2024-12-27 00:24:50,2024-12-27 03:49:50,0.9332363,0.9267294,Short,+948.44,0.70%,3h 25m,Manual
ETHUSDT,1d,2024-12-26 16:01:59,2024-12-27 00:19:56,3411.42,3355.41,Short,"+5,085.09",1.64%,8h 17m,Manual
BTCUSDT,1d,2024-12-26 02:23:52,2024-12-26 16:00:31,98925.10,97685.43,Long,"-4,181.40",-1.25%,13h 36m,Manual
ZENUSDT,1d,2024-12-25 15:27:05,2024-12-26 02:15:44,41.371,38.101,Short,"+12,746.01",7.90%,10h 48m,Manual
SUIUSDT,1d,2024-12-25 03:57:49,2024-12-25 11:30:57,4.607534,4.564148,Short,"+1,322.13",0.94%,7h 33m,Manual
LINKUSDT,1d,2024-12-25 01:54:16,2024-12-25 03:56:44,24.861,25.192,Long,"+1,740.40",1.33%,2h 2m,Manual
SUIUSDT,1d,2024-12-24 23:53:45,2024-12-25 01:41:08,4.610238,4.589593,Short,+566.10,0.45%,1h 47m,Manual
LINKUSDT,1d,2024-12-24 21:25:17,2024-12-24 23:52:33,24.376,24.651,Long,"+1,386.11",1.13%,2h 27m,Manual
SUIUSDT,1d,2024-12-24 16:41:27,2024-12-24 21:08:29,4.561025,4.540402,Short,+546.86,0.45%,4h 27m,Manual
BATUSDT,1d,2024-12-24 16:11:53,2024-12-24 16:25:55,0.2665,0.2751,Long,"+1,481.77",3.25%,14m,Manual
ZENUSDT,1d,2024-12-24 13:39:55,2024-12-24 14:45:59,38.470,38.580,Long,+72.50,0.29%,1h 6m,Manual
WIFUSDT,1d,2024-12-24 03:22:32,2024-12-24 14:54:49,1.9597708,1.9942173,Long,"+1,137.09",1.76%,11h 32m,Manual
ZENUSDT,1d,2024-12-24 00:50:48,2024-12-24 02:18:17,31.836,31.112,Long,"-1,546.66",-2.27%,1h 27m,Manual
DOGEUSDT,1d,2024-12-23 23:18:57,2024-12-24 00:48:01,0.305094,0.311186,Short,"-2,588.83",-2.00%,1h 29m,Manual
SUIUSDT,1d,2024-12-23 14:30:19,2024-12-23 23:13:30,4.282795,4.188655,Short,"+2,599.72",2.20%,8h 43m,Manual
LTCUSDT,1d,2024-12-23 10:58:20,2024-12-23 12:36:45,100.98,104.43,Long,"+1,969.45",3.42%,1h 38m,Manual
ZENUSDT,1d,2024-12-23 01:31:26,2024-12-23 12:36:46,30.046,28.995,Long,"-1,591.53",-3.50%,11h 5m,Manual
BTCUSDT,1d,2024-12-22 03:26:07,2024-12-22 22:55:30,97107.81,95405.30,Long,"-3,992.39",-1.75%,19h 29m,Manual
ENAUSDT,1d,2024-12-21 20:08:32,2024-12-22 03:12:49,1.1558066,1.0498341,Short,"+7,228.49",9.17%,7h 4m,Manual
BTCUSDT,1d,2024-12-21 15:49:42,2024-12-21 19:35:59,99234.71,98115.20,Short,"+1,619.93",1.13%,3h 46m,Manual
BTCUSDT,1d,2024-07-22 02:17:58,2024-07-22 09:39:22,66418.50,67743.55,Long,"+13,852.07",2.00%,7h 21m,Manual
BTCUSDT,1d,2024-07-22 01:08:39,2024-07-22 01:51:36,67454.94,66816.22,Long,"-4,067.38",-0.95%,42m,Manual
ETHUSDT,1d,2024-07-21 03:47:16,2024-07-21 17:18:13,3512.15,3496.23,Short,"+3,188.52",0.45%,13h 30m,Manual
XRPUSDT,1d,2024-07-20 14:07:11,2024-07-20 16:21:32,0.5903,0.5942,Long,+910.23,0.65%,2h 14m,Manual
SOLUSDT,1d,2024-07-19 14:03:58,2024-07-19 16:12:19,163.3684,160.3703,Long,"-5,339.65",-1.84%,2h 8m,Manual
BTCUSDT,1d,2024-07-18 22:49:55,2024-07-19 12:07:26,63805.29,64205.10,Long,"+4,422.32",0.63%,13h 17m,Manual
LDOUSDT,1d,2024-07-17 22:14:23,2024-07-18 00:32:00,1.987050,1.889945,Long,"-1,759.26",-4.89%,2h 17m,Manual
BTCUSDT,1d,2024-07-17 04:33:42,2024-07-17 20:10:19,65061.85,64854.23,Short,"+1,359.88",0.32%,15h 36m,Manual
BTCUSDT,1d,2024-07-16 06:13:34,2024-07-16 16:38:08,64135.69,62603.69,Short,"+15,261.77",2.39%,10h 24m,Manual
1000SATSUSDT,1d,2024-07-15 22:09:34,2024-07-16 00:25:58,0.0002490,0.0002604,Long,"+5,546.54",4.59%,2h 16m,Manual
DOGEUSDT,1d,2024-07-14 01:46:07,2024-07-14 10:28:09,0.110535,0.112633,Long,"+2,287.86",1.90%,8h 42m,Manual
BTCUSDT,1d,2024-07-12 20:32:28,2024-07-13 18:41:21,57283.44,58400.00,Long,"+10,754.68",1.95%,22h 8m,Manual
ETHUSDT,1d,2024-07-11 22:35:00,2024-07-12 09:25:34,3145.85,3056.95,Long,"-6,638.18",-2.83%,10h 50m,Manual
ETHUSDT,1d,2024-07-10 21:54:23,2024-07-11 20:44:30,3113.89,3183.93,Long,"+6,265.19",2.69%,22h 50m,Manual
ETHUSDT,1d,2024-07-10 02:21:06,2024-07-10 16:05:26,3068.05,3085.81,Long,"+1,277.70",0.58%,13h 44m,Manual
ETHUSDT,1d,2024-07-08 23:46:24,2024-07-09 23:08:29,2977.84,3036.95,Long,"+4,225.37",1.99%,23h 22m,Manual
ETHUSDT,1d,2024-07-08 13:59:04,2024-07-08 19:00:30,2914.76,3012.47,Long,"+6,703.74",3.35%,5h 1m,Manual
ETHUSDT,1d,2024-07-07 01:55:42,2024-07-07 15:43:47,3046.27,2998.22,Short,"+3,785.97",1.58%,13h 48m,Manual
BTCUSDT,1d,2024-07-06 23:31:46,2024-07-07 15:43:46,57279.26,57223.38,Short,+390.50,0.10%,16h 12m,Manual
BTCUSDT,1d,2024-07-06 01:35:25,2024-07-06 13:10:31,56644.40,56348.29,Short,"+2,065.65",0.52%,11h 35m,Manual
BTCUSDT,1d,2024-07-05 12:27:59,2024-07-05 20:31:03,54202.45,55511.30,Long,"+8,847.77",2.41%,8h 3m,Manual
BTCUSDT,1d,2024-07-05 08:59:09,2024-07-05 10:59:38,57336.52,55714.38,Short,"+15,334.16",2.83%,2h 0m,Manual
BTCUSDT,1d,2024-07-04 15:30:29,2024-07-04 16:42:42,58493.75,57711.10,Short,"+6,720.56",1.34%,1h 12m,Manual
1000PEPEUSDT,1d,2024-07-03 00:16:44,2024-07-03 02:24:12,0.0110421,0.0112469,Short,"-6,023.37",-1.85%,2h 7m,Manual
ENSUSDT,1d,2024-06-29 15:46:31,2024-06-30 00:26:45,28.676,26.647,Long,"-17,710.83",-7.08%,8h 40m,Manual
WIFUSDT,1d,2024-06-29 03:54:19,2024-06-29 15:20:46,1.9251370,2.0868418,Short,"-14,923.24",-8.40%,11h 26m,Manual
BTCUSDT,1d,2024-06-28 20:58:44,2024-06-28 23:13:47,61361.52,60731.00,Long,"-2,853.74",-1.03%,2h 15m,Manual
LTCUSDT,1d,2024-06-28 16:36:45,2024-06-28 23:13:46,73.88,72.85,Long,-423.02,-1.40%,6h 37m,Manual
BTCUSDT,1d,2024-06-28 15:48:10,2024-06-28 16:34:24,61247.92,61405.80,Short,-779.90,-0.26%,46m,Manual
SOLUSDT,1d,2024-06-28 12:25:29,2024-06-28 14:09:44,146.2419,144.6276,Short,"+3,235.12",1.10%,1h 44m,Manual
WIFUSDT,1d,2024-06-27 22:38:23,2024-06-28 00:09:09,2.1907455,2.1194783,Short,"+1,813.08",3.25%,1h 30m,Manual
ETHUSDT,1d,2024-06-27 20:54:05,2024-06-27 22:34:04,3428.70,3458.47,Long,"+2,218.44",0.87%,1h 39m,Manual
1000PEPEUSDT,1d,2024-06-27 13:15:37,2024-06-27 19:20:09,0.0123267,0.0122815,Short,+599.91,0.37%,6h 4m,Manual
DOGEUSDT,1d,2024-06-25 23:21:37,2024-06-28 23:13:46,0.125699,0.124629,Long,"-1,550.25",-0.85%,2d 23h 52m,Manual
BTCUSDT,1d,2024-06-25 12:31:48,2024-06-25 23:07:54,61362.50,61395.98,Long,+248.29,0.05%,10h 36m,Manual
WIFUSDT,1d,2024-06-24 19:53:08,2024-06-25 01:28:31,1.6147659,1.6404880,Long,"+1,433.35",1.59%,5h 35m,Manual
SOLUSDT,1d,2024-06-24 17:42:38,2024-06-24 18:48:08,124.7005,126.4618,Long,"+10,504.81",1.41%,1h 5m,Manual
ETHUSDT,1d,2024-06-24 14:16:14,2024-06-24 17:33:54,3375.11,3281.65,Short,"+26,516.55",2.77%,3h 17m,Manual
1000PEPEUSDT,1d,2024-06-24 13:32:58,2024-06-24 17:33:52,0.0103819,0.0102047,Short,"+1,695.34",1.71%,4h 0m,Manual
ETHUSDT,1d,2024-06-24 10:47:37,2024-06-24 12:21:45,3411.45,3389.43,Short,"+1,901.20",0.65%,1h 34m,Manual
BTCUSDT,1d,2024-06-23 21:04:07,2024-06-24 00:08:31,64401.17,64029.19,Long,"-1,154.63",-0.58%,3h 4m,Manual
1000PEPEUSDT,1d,2024-06-22 02:18:33,2024-06-23 01:11:44,0.0114859,0.0115268,Long,+705.73,0.36%,22h 53m,Manual
ETHUSDT,1d,2024-06-21 22:23:11,2024-06-22 01:25:48,3509.74,3471.53,Long,"-3,363.16",-1.09%,3h 2m,Manual
DOGEUSDT,1d,2024-06-21 17:17:52,2024-06-21 18:16:55,0.123274,0.124401,Long,+932.47,0.91%,59m,Manual
BTCUSDT,1d,2024-06-21 16:38:15,2024-06-21 17:05:47,64125.19,63599.80,Short,"+2,456.19",0.82%,27m,Manual
ETHUSDT,1d,2024-06-21 00:46:31,2024-06-21 15:50:48,3519.05,3471.46,Long,"-5,771.25",-1.35%,15h 4m,Manual
BTCUSDT,1d,2024-06-20 20:26:28,2024-06-21 00:42:15,66003.43,64820.05,Short,"+16,246.60",1.79%,4h 15m,Manual
LDOUSDT,1d,2024-06-19 20:05:06,2024-06-20 21:31:28,2.375969,2.213679,Long,"-6,834.49",-6.83%,1d 1h 26m,Manual
ETHUSDT,1d,2024-06-19 15:04:38,2024-06-20 20:19:42,3564.17,3584.63,Long,"+1,721.64",0.57%,1d 5h 15m,Manual
BTCUSDT,1d,2024-06-18 14:15:15,2024-06-18 22:59:22,65636.72,64615.84,Long,"-14,365.86",-1.56%,8h 44m,Manual
ENSUSDT,1d,2024-06-18 13:08:14,2024-06-18 22:59:22,23.303,22.313,Long,"-4,762.10",-4.25%,9h 51m,Manual
ETHUSDT,1d,2024-06-18 10:07:48,2024-06-18 10:28:08,3396.13,3429.51,Short,"-4,499.38",-0.98%,20m,Manual
BTCUSDT,1d,2024-06-18 04:11:47,2024-06-18 10:01:34,66172.59,65103.80,Short,"+10,602.42",1.62%,5h 49m,Manual
BTCUSDT,1d,2024-06-17 17:58:48,2024-06-18 03:09:03,65703.92,66756.21,Long,"+10,671.28",1.60%,9h 10m,Manual
DOGEUSDT,1d,2024-06-17 17:30:50,2024-06-17 23:54:54,0.134442,0.129189,Long,"-17,713.94",-3.91%,6h 24m,Manual
BTCUSDT,1d,2024-06-16 21:38:38,2024-06-17 15:50:08,66548.56,66234.80,Short,"+2,827.90",0.47%,18h 11m,Manual
BTCUSDT,1d,2024-06-13 23:50:24,2024-06-14 13:44:17,66526.14,67128.60,Short,"-5,114.22",-0.91%,13h 53m,Manual
BTCUSDT,1d,2024-06-13 18:56:32,2024-06-13 20:31:18,67937.10,68222.73,Long,"+1,960.30",0.42%,1h 34m,Manual
CRVUSDT,1d,2024-06-13 11:12:32,2024-06-13 11:29:23,0.239,0.259,Long,"+26,660.64",8.60%,16m,Manual
CRVUSDT,1d,2024-06-13 10:06:04,2024-06-13 11:12:15,0.342,0.242,Short,"+60,967.65",29.34%,1h 6m,Manual
BTCUSDT,1d,2024-06-13 02:04:22,2024-06-13 08:46:16,69311.39,68270.09,Short,"+17,329.37",1.50%,6h 41m,Manual
DOGEUSDT,1d,2024-06-12 22:46:49,2024-06-13 02:01:09,0.148536,0.148245,Short,+985.88,0.20%,3h 14m,Manual
BTCUSDT,1d,2024-06-12 20:12:27,2024-06-12 21:54:59,67808.07,69280.20,Long,"+20,941.15",2.17%,1h 42m,Manual
BTCUSDT,1d,2024-06-12 10:11:34,2024-06-12 12:17:25,67430.40,67572.50,Long,"+1,377.95",0.21%,2h 5m,Manual
DOGEUSDT,1d,2024-06-12 10:10:49,2024-06-12 19:47:26,0.138836,0.139754,Long,"+6,342.43",0.66%,9h 36m,Manual
DOGEUSDT,1d,2024-06-12 01:52:40,2024-06-12 09:14:41,0.136229,0.136614,Long,"+2,619.70",0.28%,7h 22m,Manual
1000PEPEUSDT,1d,2024-06-11 01:03:37,2024-06-12 01:50:36,0.0127562,0.0123266,Short,"+17,037.04",3.37%,1d 0h 46m,Manual
BNBUSDT,1d,2024-06-10 11:23:00,2024-06-10 12:07:01,672.158,667.163,Long,"-5,201.07",-0.74%,44m,Manual
ORDIUSDT,1d,2024-06-09 14:42:59,2024-06-10 10:43:48,61.226025,59.198176,Long,"-5,791.94",-3.31%,20h 0m,Manual
DOGEUSDT,1d,2024-06-09 13:25:28,2024-06-10 04:36:44,0.145944,0.146972,Long,"+6,192.38",0.70%,15h 11m,Manual
1000PEPEUSDT,1d,2024-06-08 19:52:01,2024-06-08 22:50:09,0.0127324,0.0126253,Short,"+2,841.07",0.84%,2h 58m,Manual
DOGEUSDT,1d,2024-06-06 20:18:46,2024-06-08 01:59:20,0.164243,0.156367,Long,"-29,633.16",-4.80%,1d 5h 40m,Manual
1000PEPEUSDT,1d,2024-06-06 00:47:42,2024-06-06 03:45:31,0.0142157,0.0148125,Short,"-16,785.33",-4.20%,2h 57m,Manual
ETHUSDT,1d,2024-06-05 13:15:43,2024-06-05 23:36:50,3801.00,3820.24,Short,"-3,329.98",-0.51%,10h 21m,Manual
DOGEUSDT,1d,2024-06-05 02:01:15,2024-06-05 20:23:37,0.162198,0.162362,Long,+635.68,0.10%,18h 22m,Manual
BNBUSDT,1d,2024-06-05 01:12:52,2024-06-05 10:26:04,670.977,696.963,Long,"+8,482.33",3.87%,9h 13m,Manual
BNBUSDT,1d,2024-06-03 23:21:52,2024-06-04 00:34:12,630.065,622.175,Long,"-1,878.53",-1.25%,1h 12m,Manual
BTCUSDT,1d,2024-06-03 10:00:40,2024-06-03 22:30:22,68686.35,69827.99,Long,"+5,978.78",1.66%,12h 29m,Manual
ORDIUSDT,1d,2024-06-02 17:31:20,2024-06-02 23:57:20,46.308884,45.677072,Short,"+4,806.07",1.36%,6h 26m,Manual
DOGEUSDT,1d,2024-06-01 21:50:56,2024-06-02 17:25:35,0.161138,0.158139,Long,"-7,025.28",-1.86%,19h 34m,Manual
BTCUSDT,1d,2024-05-31 23:05:03,2024-06-01 20:47:03,67401.32,67859.84,Short,"-6,689.78",-0.68%,21h 42m,Manual
ETHUSDT,1d,2024-05-31 18:07:08,2024-05-31 22:01:47,3777.45,3778.12,Long,+88.66,0.02%,3h 54m,Manual
DOGEUSDT,1d,2024-05-30 23:33:00,2024-05-31 20:51:55,0.161660,0.161653,Long,-19.66,-0.00%,21h 18m,Manual
1000PEPEUSDT,1d,2024-05-30 23:15:43,2024-05-31 02:11:01,0.0143839,0.0147889,Long,"+5,086.81",2.82%,2h 55m,Manual
1000PEPEUSDT,1d,2024-05-30 16:38:04,2024-05-30 22:40:42,0.0135089,0.0143034,Long,"+19,068.18",5.88%,6h 2m,Manual
DOGEUSDT,1d,2024-05-30 02:48:33,2024-05-30 14:23:42,0.166534,0.161545,Long,"-9,139.08",-3.00%,11h 35m,Manual
DOGEUSDT,1d,2024-05-29 11:52:40,2024-05-29 16:06:29,0.169939,0.165757,Long,"-7,384.51",-2.46%,4h 13m,Manual
WIFUSDT,1d,2024-05-29 10:52:56,2024-05-29 14:01:12,3.8385548,3.9448143,Long,"+4,320.83",2.77%,3h 8m,Manual
1000SHIBUSDT,1d,2024-05-29 00:10:48,2024-05-29 00:29:30,0.026436,0.026105,Long,"-4,030.83",-1.25%,18m,Manual
DOGEUSDT,1d,2024-05-26 11:36:19,2024-05-28 10:03:26,0.172299,0.165084,Long,"-14,714.05",-4.19%,1d 22h 27m,Manual
1000PEPEUSDT,1d,2024-05-26 11:06:57,2024-05-26 11:36:11,0.0147507,0.0149169,Short,"-1,940.28",-1.13%,29m,Manual
DOGEUSDT,1d,2024-05-25 23:05:41,2024-05-26 10:20:53,0.166557,0.171188,Long,"+9,173.27",2.78%,11h 15m,Manual
DOGEUSDT,1d,2024-05-25 02:11:18,2024-05-25 19:34:14,0.165448,0.167695,Long,"+8,421.72",1.36%,17h 22m,Manual
DOGEUSDT,1d,2024-05-24 21:02:17,2024-05-24 23:39:44,0.164019,0.168563,Long,"+16,484.99",2.77%,2h 37m,Manual
DOGEUSDT,1d,2024-05-24 13:46:37,2024-05-24 13:47:10,0.162559,0.168458,Long,"+4,233.59",3.63%,0m,Manual
ETHUSDT,1d,2024-05-23 21:54:24,2024-05-24 19:55:30,3768.43,3715.35,Short,"+11,906.15",1.41%,22h 1m,Manual
ETHUSDT,1d,2024-05-22 21:41:16,2024-05-23 17:20:56,3673.73,3831.46,Short,"-21,464.89",-4.29%,19h 39m,Manual
1000PEPEUSDT,1d,2024-05-22 11:11:59,2024-05-22 13:51:42,0.0141379,0.0133443,Long,"-12,835.95",-5.61%,2h 39m,Manual
DOGEUSDT,1d,2024-05-22 08:09:02,2024-05-22 10:31:11,0.172638,0.173050,Long,+835.32,0.24%,2h 22m,Manual
ETHUSDT,1d,2024-05-22 00:53:59,2024-05-22 08:08:46,3779.56,3794.81,Short,"-1,412.56",-0.40%,7h 14m,Manual
ETHUSDT,1d,2024-05-22 00:32:22,2024-05-22 00:35:42,3832.52,3808.83,Long,"-1,518.85",-0.62%,3m,Manual
BTCUSDT,1d,2024-05-21 22:17:17,2024-05-22 00:17:52,70753.28,70176.50,Short,"+4,521.95",0.82%,2h 0m,Manual
1000PEPEUSDT,1d,2024-05-21 20:45:15,2024-05-21 21:11:06,0.0117771,0.0121056,Long,"+7,524.57",2.79%,25m,Manual
ETHUSDT,1d,2024-05-21 20:25:23,2024-05-21 20:40:22,3783.35,3772.00,Short,"+1,613.26",0.30%,14m,Manual
ETHUSDT,1d,2024-05-21 18:09:57,2024-05-21 19:54:59,3695.95,3790.21,Long,"+15,304.16",2.55%,1h 45m,Manual
BNBUSDT,1d,2024-05-21 15:02:24,2024-05-21 16:05:15,613.820,628.070,Long,"+16,596.23",2.32%,1h 2m,Manual
ENSUSDT,1d,2024-05-21 13:43:39,2024-05-21 13:58:28,18.947,21.430,Long,"+27,519.46",13.10%,14m,Manual
BTCUSDT,1d,2024-05-21 08:08:54,2024-05-21 08:17:52,71300.52,71761.45,Short,"-6,922.27",-0.65%,8m,Manual
BNBUSDT,1d,2024-05-21 07:24:36,2024-05-21 07:53:55,600.143,600.176,Long,+60.05,0.01%,29m,Manual
ETHUSDT,1d,2024-05-21 06:25:49,2024-05-21 07:27:39,3650.12,3684.59,Short,"-5,218.77",-0.94%,1h 1m,Manual
BNBUSDT,1d,2024-05-20 23:25:10,2024-05-21 06:24:24,575.788,590.960,Long,"+25,825.65",2.63%,6h 59m,Manual
BNBUSDT,1d,2024-05-20 12:37:15,2024-05-20 14:52:33,578.660,574.752,Long,"-3,988.99",-0.68%,2h 15m,Manual
ETHUSDT,1d,2024-05-18 20:57:27,2024-05-18 20:57:39,3116.71,3117.65,Long,+57.58,0.03%,0m,Manual
ETHUSDT,1d,2024-05-18 20:56:15,2024-05-20 12:35:05,3117.69,3106.94,Short,"+3,102.00",0.34%,1d 15h 38m,Manual
ETHUSDT,1d,2024-05-17 15:14:18,2024-05-17 16:57:51,3007.45,3026.44,Long,"+5,431.67",0.63%,1h 43m,Manual
1000PEPEUSDT,1d,2024-05-17 11:37:49,2024-05-18 20:56:07,0.0102524,0.0098764,Long,"-15,715.77",-3.67%,1d 9h 18m,Manual
BTCUSDT,1d,2024-05-16 20:47:54,2024-05-16 23:02:01,66267.33,65391.49,Long,"-5,713.12",-1.32%,2h 14m,Manual
BTCUSDT,1d,2024-05-15 23:21:43,2024-05-16 16:11:15,64928.47,66322.92,Short,"-9,660.74",-2.15%,16h 49m,Manual
BTCUSDT,1d,2024-05-15 21:43:59,2024-05-15 23:13:11,64328.63,64666.63,Short,"-2,363.60",-0.53%,1h 29m,Manual
BTCUSDT,1d,2024-05-15 11:34:51,2024-05-15 20:40:17,62081.71,63443.25,Long,"+9,647.92",2.19%,9h 5m,Manual
BTCUSDT,1d,2024-05-14 20:11:32,2024-05-14 21:40:49,61844.16,61861.00,Long,+176.98,0.03%,1h 29m,Manual
BTCUSDT,1d,2024-05-14 11:02:37,2024-05-14 15:30:59,62479.80,61931.70,Short,"+3,508.38",0.88%,4h 28m,Manual
1000PEPEUSDT,1d,2024-05-13 20:59:23,2024-05-14 00:16:05,0.0094384,0.0098564,Long,"+17,709.28",4.43%,3h 16m,Manual
BTCUSDT,1d,2024-05-12 12:50:55,2024-05-13 09:13:19,61055.68,61387.31,Long,"+4,344.05",0.54%,20h 22m,Manual
BNBUSDT,1d,2024-05-09 10:23:35,2024-05-09 17:24:48,593.473,597.935,Long,"+1,503.89",0.75%,7h 1m,Manual
BTCUSDT,1d,2024-05-08 18:18:40,2024-05-09 06:15:41,62408.33,61139.91,Long,"-20,344.25",-2.03%,11h 57m,Manual
ETHUSDT,1d,2024-05-07 16:30:08,2024-05-08 02:39:00,3114.52,3029.36,Long,"-10,937.59",-2.73%,10h 8m,Manual
ETHUSDT,1d,2024-05-07 11:34:53,2024-05-07 13:32:29,3047.75,3059.13,Long,"+1,474.70",0.37%,1h 57m,Manual
BTCUSDT,1d,2024-05-05 21:45:27,2024-05-06 16:21:42,64120.51,65099.98,Short,"-5,955.17",-1.53%,18h 36m,Manual
DOGEUSDT,1d,2024-05-04 13:51:42,2024-05-04 19:47:52,0.151062,0.161075,Long,"+39,786.02",6.63%,5h 56m,Manual
BTCUSDT,1d,2024-05-03 00:49:04,2024-05-03 21:32:22,59739.04,61539.31,Short,"-32,838.78",-3.01%,20h 43m,Manual
ETHUSDT,1d,2024-05-02 05:22:01,2024-05-02 05:33:49,2951.52,2964.42,Long,+437.14,0.44%,11m,Manual
BTCUSDT,1d,2024-05-01 15:29:56,2024-05-02 02:58:09,57538.93,59218.57,Long,"+37,808.59",2.92%,11h 28m,Manual
BTCUSDT,1d,2024-05-01 11:08:23,2024-05-01 15:06:22,60006.34,59116.24,Long,"-8,896.57",-1.48%,3h 57m,Manual
BNBUSDT,1d,2024-05-01 01:03:54,2024-05-01 03:14:44,566.560,568.666,Long,"+2,326.72",0.37%,2h 10m,Manual
BTCUSDT,1d,2024-04-30 10:40:53,2024-04-30 16:48:13,63795.53,62004.30,Long,"-10,104.35",-2.81%,6h 7m,Manual
ETHUSDT,1d,2024-04-30 10:32:26,2024-04-30 16:48:15,3189.77,3082.51,Long,"-10,088.33",-3.36%,6h 15m,Manual
BTCUSDT,1d,2024-04-29 20:54:11,2024-04-30 09:33:49,62863.20,64088.51,Long,"+9,070.97",1.95%,12h 39m,Manual
ETHUSDT,1d,2024-04-29 11:16:46,2024-04-30 09:33:50,3194.73,3215.87,Long,"+3,309.29",0.66%,22h 17m,Manual
ETHUSDT,1d,2024-04-27 20:40:34,2024-04-28 12:14:47,3136.78,3300.38,Long,"+30,251.11",5.22%,15h 34m,Manual
BTCUSDT,1d,2024-04-27 08:42:47,2024-04-27 10:08:36,63043.60,62834.51,Short,"+1,774.33",0.33%,1h 25m,Manual
BTCUSDT,1d,2024-04-26 12:16:06,2024-04-27 01:37:31,64231.69,63931.58,Short,"+3,080.64",0.47%,13h 21m,Manual
LTCUSDT,1d,2024-04-26 10:18:39,2024-04-26 11:12:30,84.75,84.74,Long,-61.67,-0.01%,53m,Manual
ETHUSDT,1d,2024-04-25 23:21:36,2024-04-26 01:16:32,3127.85,3156.58,Long,"+7,096.95",0.92%,1h 54m,Manual
BNBUSDT,1d,2024-05-01 01:03:54,2024-05-01 03:14:44,566.560,568.666,Long,"+2,326.72",0.37%,2h 10m,Manual
BTCUSDT,1d,2024-04-30 10:40:53,2024-04-30 16:48:13,63795.53,62004.30,Long,"-10,104.35",-2.81%,6h 7m,Manual
ETHUSDT,1d,2024-04-30 10:32:26,2024-04-30 16:48:15,3189.77,3082.51,Long,"-10,088.33",-3.36%,6h 15m,Manual
BTCUSDT,1d,2024-04-29 20:54:11,2024-04-30 09:33:49,62863.20,64088.51,Long,"+9,070.97",1.95%,12h 39m,Manual
ETHUSDT,1d,2024-04-29 11:16:46,2024-04-30 09:33:50,3194.73,3215.87,Long,"+3,309.29",0.66%,22h 17m,Manual
ETHUSDT,1d,2024-04-27 20:40:34,2024-04-28 12:14:47,3136.78,3300.38,Long,"+30,251.11",5.22%,15h 34m,Manual
BTCUSDT,1d,2024-04-27 08:42:47,2024-04-27 10:08:36,63043.60,62834.51,Short,"+1,774.33",0.33%,1h 25m,Manual
BTCUSDT,1d,2024-04-26 12:16:06,2024-04-27 01:37:31,64231.69,63931.58,Short,"+3,080.64",0.47%,13h 21m,Manual
LTCUSDT,1d,2024-04-26 10:18:39,2024-04-26 11:12:30,84.75,84.74,Long,-61.67,-0.01%,53m,Manual
ETHUSDT,1d,2024-04-25 23:21:36,2024-04-26 01:16:32,3127.85,3156.58,Long,"+7,096.95",0.92%,1h 54m,Manual
SOLUSDT,1d,2024-04-20 00:43:15,2024-04-21 00:05:50,145.4224,146.4251,Long,"+3,033.13",0.69%,23h 22m,Manual
BTCUSDT,1d,2024-04-19 10:23:48,2024-04-20 00:20:37,60863.72,63782.65,Long,"+19,183.23",4.80%,13h 56m,Manual
BTCUSDT,1d,2024-04-18 22:07:27,2024-04-18 23:58:50,63383.79,63434.65,Long,+820.52,0.08%,1h 51m,Manual
BTCUSDT,1d,2024-04-18 17:07:52,2024-04-18 20:30:46,61625.28,61853.44,Long,"+3,661.41",0.37%,3h 22m,Manual
ETHUSDT,1d,2024-04-17 22:40:28,2024-04-17 23:42:37,2986.99,2935.49,Long,"-10,343.43",-1.72%,1h 2m,Manual
BNBUSDT,1d,2024-04-17 20:10:27,2024-04-17 22:23:32,536.336,525.938,Long,"-13,034.99",-1.94%,2h 13m,Manual
BTCUSDT,1d,2024-04-16 22:42:11,2024-04-17 19:54:45,62323.90,62600.50,Long,"+1,899.39",0.44%,21h 12m,Manual
BTCUSDT,1d,2024-04-15 22:51:37,2024-04-16 22:29:31,63375.56,62459.07,Long,"-9,383.03",-1.45%,23h 37m,Manual
ETHUSDT,1d,2024-04-15 14:27:39,2024-04-15 14:40:42,3227.47,3238.63,Long,+345.86,0.35%,13m,Manual
BTCUSDT,1d,2024-04-15 09:20:58,2024-04-15 15:05:38,65504.19,66253.48,Long,"+6,156.96",1.14%,5h 44m,Manual
SOLUSDT,1d,2024-04-20 00:43:15,2024-04-21 00:05:50,145.4224,146.4251,Long,"+3,033.13",0.69%,23h 22m,Manual
BTCUSDT,1d,2024-04-19 10:23:48,2024-04-20 00:20:37,60863.72,63782.65,Long,"+19,183.23",4.80%,13h 56m,Manual
BTCUSDT,1d,2024-04-18 22:07:27,2024-04-18 23:58:50,63383.79,63434.65,Long,+820.52,0.08%,1h 51m,Manual
BTCUSDT,1d,2024-04-18 17:07:52,2024-04-18 20:30:46,61625.28,61853.44,Long,"+3,661.41",0.37%,3h 22m,Manual
ETHUSDT,1d,2024-04-17 22:40:28,2024-04-17 23:42:37,2986.99,2935.49,Long,"-10,343.43",-1.72%,1h 2m,Manual
BNBUSDT,1d,2024-04-17 20:10:27,2024-04-17 22:23:32,536.336,525.938,Long,"-13,034.99",-1.94%,2h 13m,Manual
BTCUSDT,1d,2024-04-16 22:42:11,2024-04-17 19:54:45,62323.90,62600.50,Long,"+1,899.39",0.44%,21h 12m,Manual
BTCUSDT,1d,2024-04-15 22:51:37,2024-04-16 22:29:31,63375.56,62459.07,Long,"-9,383.03",-1.45%,23h 37m,Manual
ETHUSDT,1d,2024-04-15 14:27:39,2024-04-15 14:40:42,3227.47,3238.63,Long,+345.86,0.35%,13m,Manual
BTCUSDT,1d,2024-04-15 09:20:58,2024-04-15 15:05:38,65504.19,66253.48,Long,"+6,156.96",1.14%,5h 44m,Manual
ETHUSDT,1d,2024-04-08 19:01:53,2024-04-09 17:14:19,3660.18,3679.89,Short,"-6,193.63",-1.03%,22h 12m,Manual
BTCUSDT,1d,2024-04-08 09:55:47,2024-04-08 15:35:13,69409.87,70560.01,Short,"-4,969.75",-1.66%,5h 39m,Manual
BTCUSDT,1d,2024-04-08 08:22:59,2024-04-08 09:40:59,69193.90,69711.56,Short,-748.02,-0.75%,1h 18m,Manual
ETHUSDT,1d,2024-04-08 06:45:39,2024-04-08 06:51:12,3423.47,3430.22,Long,+48.57,0.20%,5m,Manual
BTCUSDT,1d,2024-04-08 00:29:25,2024-04-08 06:35:10,70113.47,69261.09,Short,"+3,647.34",1.22%,6h 5m,Manual
BTCUSDT,1d,2024-04-07 10:55:51,2024-04-08 00:10:18,69333.36,69944.98,Short,"-2,786.55",-0.88%,13h 14m,Manual
BTCUSDT,1d,2024-04-06 18:05:25,2024-04-07 01:44:20,67825.65,68367.63,Short,-798.87,-0.80%,7h 38m,Manual
ORDIUSDT,1d,2024-04-06 15:51:35,2024-04-06 17:15:18,66.789175,69.003782,Long,"+3,480.70",3.32%,1h 23m,Manual
ETHUSDT,1d,2024-04-05 23:41:39,2024-04-06 13:48:39,3325.54,3338.77,Long,"+1,243.32",0.40%,14h 7m,Manual
BTCUSDT,1d,2024-04-05 21:59:13,2024-04-05 23:16:24,67635.44,67742.76,Long,+495.10,0.16%,1h 17m,Manual
ETHUSDT,1d,2024-04-08 19:01:53,2024-04-09 17:14:19,3660.18,3679.89,Short,"-6,193.63",-1.03%,22h 12m,Manual
BTCUSDT,1d,2024-04-08 09:55:47,2024-04-08 15:35:13,69409.87,70560.01,Short,"-4,969.75",-1.66%,5h 39m,Manual
BTCUSDT,1d,2024-04-08 08:22:59,2024-04-08 09:40:59,69193.90,69711.56,Short,-748.02,-0.75%,1h 18m,Manual
ETHUSDT,1d,2024-04-08 06:45:39,2024-04-08 06:51:12,3423.47,3430.22,Long,+48.57,0.20%,5m,Manual
BTCUSDT,1d,2024-04-08 00:29:25,2024-04-08 06:35:10,70113.47,69261.09,Short,"+3,647.34",1.22%,6h 5m,Manual
BTCUSDT,1d,2024-04-07 10:55:51,2024-04-08 00:10:18,69333.36,69944.98,Short,"-2,786.55",-0.88%,13h 14m,Manual
BTCUSDT,1d,2024-04-06 18:05:25,2024-04-07 01:44:20,67825.65,68367.63,Short,-798.87,-0.80%,7h 38m,Manual
ORDIUSDT,1d,2024-04-06 15:51:35,2024-04-06 17:15:18,66.789175,69.003782,Long,"+3,480.70",3.32%,1h 23m,Manual
ETHUSDT,1d,2024-04-05 23:41:39,2024-04-06 13:48:39,3325.54,3338.77,Long,"+1,243.32",0.40%,14h 7m,Manual
BTCUSDT,1d,2024-04-05 21:59:13,2024-04-05 23:16:24,67635.44,67742.76,Long,+495.10,0.16%,1h 17m,Manual
ETHUSDT,1d,2024-04-08 19:01:53,2024-04-09 17:14:19,3660.18,3679.89,Short,"-6,193.63",-1.03%,22h 12m,Manual
BTCUSDT,1d,2024-04-08 09:55:47,2024-04-08 15:35:13,69409.87,70560.01,Short,"-4,969.75",-1.66%,5h 39m,Manual
BTCUSDT,1d,2024-04-08 08:22:59,2024-04-08 09:40:59,69193.90,69711.56,Short,-748.02,-0.75%,1h 18m,Manual
ETHUSDT,1d,2024-04-08 06:45:39,2024-04-08 06:51:12,3423.47,3430.22,Long,+48.57,0.20%,5m,Manual
BTCUSDT,1d,2024-04-08 00:29:25,2024-04-08 06:35:10,70113.47,69261.09,Short,"+3,647.34",1.22%,6h 5m,Manual
BTCUSDT,1d,2024-04-07 10:55:51,2024-04-08 00:10:18,69333.36,69944.98,Short,"-2,786.55",-0.88%,13h 14m,Manual
BTCUSDT,1d,2024-04-06 18:05:25,2024-04-07 01:44:20,67825.65,68367.63,Short,-798.87,-0.80%,7h 38m,Manual
ORDIUSDT,1d,2024-04-06 15:51:35,2024-04-06 17:15:18,66.789175,69.003782,Long,"+3,480.70",3.32%,1h 23m,Manual
ETHUSDT,1d,2024-04-05 23:41:39,2024-04-06 13:48:39,3325.54,3338.77,Long,"+1,243.32",0.40%,14h 7m,Manual
BTCUSDT,1d,2024-04-05 21:59:13,2024-04-05 23:16:24,67635.44,67742.76,Long,+495.10,0.16%,1h 17m,Manual
CFXUSDT,1d,2024-04-01 19:25:39,2024-04-01 19:46:47,0.4755494,0.4200775,Long,"-18,740.37",-11.66%,21m,Manual
BTCUSDT,1d,2024-04-01 17:23:12,2024-04-02 22:43:21,69307.74,66256.44,Short,"+35,489.69",4.40%,1d 5h 20m,Manual
BTCUSDT,1d,2024-04-01 11:29:00,2024-04-01 14:04:21,70663.76,69301.50,Short,"+4,375.58",1.93%,2h 35m,Manual
LTCUSDT,1d,2024-04-01 08:50:03,2024-04-01 09:53:10,106.60,111.39,Long,"+9,376.84",4.49%,1h 3m,Manual
ETHUSDT,1d,2024-03-31 21:33:53,2024-03-31 23:56:15,3622.70,3622.59,Long,-6.35,-0.00%,2h 22m,Manual
BTCUSDT,1d,2024-03-31 21:33:38,2024-03-31 23:56:16,70673.35,70430.41,Short,+687.27,0.34%,2h 22m,Manual
1000PEPEUSDT,1d,2024-03-31 16:02:33,2024-03-31 16:44:22,0.0090483,0.0090660,Long,+97.88,0.20%,41m,Manual
ETHUSDT,1d,2024-03-31 13:14:28,2024-03-31 16:47:17,3572.65,3624.18,Long,"+6,062.70",1.44%,3h 32m,Manual
SOLUSDT,1d,2024-03-30 23:27:48,2024-03-31 16:47:17,195.5419,196.3336,Short,"-1,189.86",-0.40%,17h 19m,Manual
1000PEPEUSDT,1d,2024-03-30 22:18:40,2024-03-30 23:15:44,0.0085352,0.0085906,Long,"+1,537.55",0.65%,57m,Manual
CFXUSDT,1d,2024-04-01 19:25:39,2024-04-01 19:46:47,0.4755494,0.4200775,Long,"-18,740.37",-11.66%,21m,Manual
BTCUSDT,1d,2024-04-01 17:23:12,2024-04-02 22:43:21,69307.74,66256.44,Short,"+35,489.69",4.40%,1d 5h 20m,Manual
BTCUSDT,1d,2024-04-01 11:29:00,2024-04-01 14:04:21,70663.76,69301.50,Short,"+4,375.58",1.93%,2h 35m,Manual
LTCUSDT,1d,2024-04-01 08:50:03,2024-04-01 09:53:10,106.60,111.39,Long,"+9,376.84",4.49%,1h 3m,Manual
ETHUSDT,1d,2024-03-31 21:33:53,2024-03-31 23:56:15,3622.70,3622.59,Long,-6.35,-0.00%,2h 22m,Manual
BTCUSDT,1d,2024-03-31 21:33:38,2024-03-31 23:56:16,70673.35,70430.41,Short,+687.27,0.34%,2h 22m,Manual
1000PEPEUSDT,1d,2024-03-31 16:02:33,2024-03-31 16:44:22,0.0090483,0.0090660,Long,+97.88,0.20%,41m,Manual
ETHUSDT,1d,2024-03-31 13:14:28,2024-03-31 16:47:17,3572.65,3624.18,Long,"+6,062.70",1.44%,3h 32m,Manual
SOLUSDT,1d,2024-03-30 23:27:48,2024-03-31 16:47:17,195.5419,196.3336,Short,"-1,189.86",-0.40%,17h 19m,Manual
1000PEPEUSDT,1d,2024-03-30 22:18:40,2024-03-30 23:15:44,0.0085352,0.0085906,Long,"+1,537.55",0.65%,57m,Manual
